#{"t_start": 1644588046.7201111, "env_id": null}
r,l,t
1,1,0.042286
2,2,0.056989
3,3,0.064118
1,1,0.068338
1,1,0.073421
1,1,0.079031
3,3,0.092012
3,3,0.09787
1,1,0.101678
2,2,0.108636
2,2,0.114346
1,1,0.11811
2,2,0.123746
1,1,0.127553
2,2,0.133106
2,2,0.137949
3,3,0.146019
5,5,0.157098
3,3,0.166066
5,5,0.197233
4,4,0.206681
1,1,0.219808
3,3,0.235188
1,1,0.242317
2,2,0.25741
3,3,0.27187
2,2,0.276692
1,1,0.279579
3,3,0.287297
1,1,0.290638
1,1,0.297248
2,2,0.309879
2,2,0.31682
3,3,0.324113
6,6,0.338062
1,1,0.341645
5,5,0.353824
2,2,0.362349
1,1,0.36583
2,2,0.371575
1,1,0.374756
2,2,0.380337
2,2,0.385965
1,1,0.389497
4,4,0.398647
2,2,0.405892
1,1,0.413515
2,2,0.424811
4,4,0.450218
2,2,0.457079
1,1,0.460178
2,2,0.464424
2,2,0.469164
2,2,0.474688
1,1,0.484376
2,2,0.488749
3,3,0.494942
3,3,0.500954
1,1,0.503835
4,4,0.511372
1,1,0.514175
2,2,0.518445
2,2,0.522834
1,1,0.525904
3,3,0.534325
1,1,0.538741
2,2,0.54651
5,5,0.561498
2,2,0.566037
1,1,0.570113
1,1,0.573169
3,3,0.579511
1,1,0.582614
2,2,0.587345
3,3,0.595659
1,1,0.599061
2,2,0.603862
3,3,0.610617
2,2,0.615084
2,2,0.619441
1,1,0.624359
1,1,0.629623
2,2,0.635296
2,2,0.640735
1,1,0.644262
5,5,0.656014
1,1,0.659509
3,3,0.667125
7,7,0.694811
1,1,0.697583
1,1,0.700423
5,5,0.717965
2,2,0.723041
1,1,0.726412
1,1,0.729641
2,2,0.734073
2,2,0.738323
1,1,0.74126
1,1,0.744316
1,1,0.747104
4,4,0.754329
2,2,0.758615
2,2,0.763196
2,2,0.767483
3,3,0.773458
2,2,0.77807
5,5,0.786999
1,1,0.78978
2,2,0.794012
1,1,0.796753
3,3,0.802545
4,4,0.809844
2,2,0.81405
2,2,0.81838
1,1,0.821148
2,2,0.8255
2,2,0.831261
1,1,0.83537
2,2,0.841235
3,3,0.850946
1,1,0.857197
2,2,0.862816
2,2,0.868071
1,1,0.871254
1,1,0.874238
6,6,0.885079
1,1,0.88792
6,6,0.898371
1,1,0.902265
2,2,0.906659
1,1,0.909688
3,3,0.915411
2,2,0.920157
1,1,0.923231
3,3,0.929593
5,5,0.940183
2,2,0.94484
2,2,0.949591
2,2,0.955025
5,5,0.964453
2,2,0.970339
2,2,0.974713
1,1,0.97779
3,3,0.988362
1,1,0.993618
5,5,1.004763
1,1,1.00754
3,3,1.013546
1,1,1.016767
1,1,1.021626
1,1,1.024454
1,1,1.027655
5,5,1.038465
1,1,1.041285
1,1,1.044098
3,3,1.050298
1,1,1.053864
1,1,1.056641
3,3,1.062692
4,4,1.071701
1,1,1.074473
2,2,1.080158
3,3,1.087512
4,4,1.095861
2,2,1.100648
1,1,1.104518
3,3,1.113981
5,5,1.1331
2,2,1.138799
4,4,1.147826
1,1,1.151186
1,1,1.15455
2,2,1.161504
3,3,1.186778
2,2,1.195087
1,1,1.198335
4,4,1.210503
4,4,1.21955
3,3,1.22616
2,2,1.23101
4,4,1.239385
1,1,1.242152
1,1,1.244896
1,1,1.247652
5,5,1.256844
1,1,1.259638
1,1,1.262422
1,1,1.265204
4,4,1.272721
1,1,1.275496
2,2,1.279788
3,3,1.286494
2,2,1.291128
2,2,1.297282
3,3,1.309799
1,1,1.313122
1,1,1.315962
3,3,1.32205
2,2,1.326402
1,1,1.329207
1,1,1.332009
1,1,1.334746
1,1,1.337666
3,3,1.346971
8,8,1.365734
2,2,1.371788
1,1,1.375214
2,2,1.380476
5,5,1.391702
1,1,1.396694
3,3,1.412281
2,2,1.418256
4,4,1.433412
4,4,1.440695
1,1,1.443771
1,1,1.446798
11,11,1.464721
1,1,1.467654
1,1,1.470585
1,1,1.473319
1,1,1.476315
1,1,1.479117
1,1,1.481902
2,2,1.486178
1,1,1.488954
5,5,1.497913
1,1,1.501002
1,1,1.504328
1,1,1.507248
2,2,1.511808
1,1,1.514722
2,2,1.522001
1,1,1.526852
2,2,1.535458
2,2,1.541237
6,6,1.566605
1,1,1.570087
1,1,1.579504
1,1,1.583763
1,1,1.586666
1,1,1.590749
1,1,1.593681
2,2,1.598025
2,2,1.602399
2,2,1.606903
4,4,1.614116
3,3,1.620155
1,1,1.622925
5,5,1.633983
1,1,1.638554
1,1,1.647477
2,2,1.65642
1,1,1.661455
3,3,1.672044
2,2,1.677693
1,1,1.681311
2,2,1.709139
2,2,1.71485
1,1,1.718322
2,2,1.723063
1,1,1.725932
1,1,1.728721
1,1,1.73221
1,1,1.73585
2,2,1.741179
2,2,1.746092
2,2,1.75234
2,2,1.759947
2,2,1.765715
3,3,1.772804
2,2,1.777468
1,1,1.780516
2,2,1.784944
4,4,1.792701
2,2,1.797245
1,1,1.799991
1,1,1.802731
1,1,1.805502
2,2,1.80981
1,1,1.812863
2,2,1.817299
4,4,1.827819
3,3,1.835544
1,1,1.838838
1,1,1.842078
1,1,1.847565
3,3,1.855236
1,1,1.858608
3,3,1.866209
1,1,1.87058
1,1,1.875256
1,1,1.883565
1,1,1.894297
1,1,1.899026
2,2,1.904314
1,1,1.909842
3,3,1.922418
1,1,1.926568
4,4,1.936935
4,4,1.94651
2,2,1.950798
1,1,1.953554
1,1,1.957063
2,2,1.961529
2,2,1.966348
1,1,1.969153
2,2,1.973506
2,2,1.977784
1,1,1.980879
3,3,1.987429
2,2,1.992161
4,4,2.000106
1,1,2.002901
3,3,2.008989
6,6,2.019238
3,3,2.025233
6,6,2.03535
1,1,2.038186
2,2,2.042525
1,1,2.045428
2,2,2.04974
1,1,2.05252
1,1,2.055292
1,1,2.058266
1,1,2.061143
1,1,2.063992
3,3,2.069947
3,3,2.075752
1,1,2.078507
1,1,2.081716
1,1,2.084461
3,3,2.090668
1,1,2.093664
2,2,2.098345
1,1,2.101603
4,4,2.109732
1,1,2.112607
1,1,2.115343
1,1,2.118131
1,1,2.121345
1,1,2.124124
2,2,2.128551
1,1,2.131401
2,2,2.136049
1,1,2.138882
3,3,2.145307
2,2,2.149593
1,1,2.152919
4,4,2.160437
2,2,2.165137
3,3,2.170914
1,1,2.17366
1,1,2.176614
1,1,2.179519
1,1,2.182322
2,2,2.186577
4,4,2.193776
1,1,2.196562
2,2,2.200792
2,2,2.205022
1,1,2.208049
1,1,2.210877
1,1,2.21369
1,1,2.21648
1,1,2.219291
1,1,2.222053
2,2,2.226424
3,3,2.232362
2,2,2.236745
1,1,2.239583
1,1,2.242351
2,2,2.246675
3,3,2.252488
2,2,2.256729
3,3,2.26252
2,2,2.267199
1,1,2.270067
4,4,2.277493
1,1,2.28058
2,2,2.285388
2,2,2.290105
2,2,2.294575
5,5,2.303422
1,1,2.30623
1,1,2.308975
2,2,2.313632
10,10,2.330223
1,1,2.333063
2,2,2.342601
1,1,2.34782
2,2,2.35643
4,4,2.365512
2,2,2.370496
1,1,2.373302
2,2,2.377587
1,1,2.380371
6,6,2.391186
2,2,2.395591
4,4,2.403274
1,1,2.406075
1,1,2.408856
1,1,2.411621
1,1,2.414589
5,5,2.423532
1,1,2.426289
1,1,2.429066
1,1,2.432132
4,4,2.439567
3,3,2.445852
2,2,2.45023
1,1,2.453156
2,2,2.457774
1,1,2.461644
3,3,2.470653
1,1,2.474414
2,2,2.480922
4,4,2.502684
1,1,2.505524
3,3,2.511811
1,1,2.514635
1,1,2.517619
1,1,2.521017
1,1,2.525922
1,1,2.532545
2,2,2.537132
4,4,2.544802
1,1,2.547782
2,2,2.55204
2,2,2.557009
2,2,2.562097
1,1,2.564925
1,1,2.567712
1,1,2.570464
6,6,2.58113
1,1,2.58398
1,1,2.58672
2,2,2.591042
2,2,2.595301
2,2,2.599536
1,1,2.602329
2,2,2.606644
1,1,2.609411
2,2,2.613738
1,1,2.616491
1,1,2.619273
2,2,2.623531
2,2,2.627756
7,7,2.63965
2,2,2.643901
3,3,2.649629
4,4,2.657338
2,2,2.663106
3,3,2.670245
2,2,2.675346
1,1,2.679311
1,1,2.682676
1,1,2.686175
2,2,2.691457
2,2,2.696765
1,1,2.700104
2,2,2.70573
6,6,2.724355
1,1,2.727347
2,2,2.731636
1,1,2.734548
2,2,2.743621
1,1,2.747304
1,1,2.750153
1,1,2.753092
5,5,2.762128
1,1,2.765029
1,1,2.767929
1,1,2.771088
1,1,2.774208
1,1,2.777698
3,3,2.784508
1,1,2.787533
1,1,2.790625
2,2,2.79507
1,1,2.797821
6,6,2.808313
2,2,2.812566
3,3,2.818327
1,1,2.821141
1,1,2.823949
2,2,2.828402
2,2,2.832604
1,1,2.835399
2,2,2.839616
1,1,2.842521
2,2,2.847059
3,3,2.852798
3,3,2.858599
3,3,2.864346
1,1,2.867079
2,2,2.871286
2,2,2.876096
1,1,2.878879
1,1,2.881765
1,1,2.884794
1,1,2.887874
1,1,2.891088
1,1,2.894249
2,2,2.899104
2,2,2.903574
5,5,2.912366
4,4,2.919653
1,1,2.922438
6,6,2.932696
1,1,2.93543
5,5,2.944281
1,1,2.94706
1,1,2.949881
3,3,2.955555
2,2,2.959795
3,3,2.965671
1,1,2.968415
1,1,2.971166
1,1,2.973988
1,1,2.976751
1,1,2.979709
5,5,2.988662
1,1,2.991404
1,1,2.995044
1,1,2.997937
1,1,3.000999
2,2,3.0054
4,4,3.012825
1,1,3.01558
3,3,3.022781
1,1,3.027408
4,4,3.036779
1,1,3.039867
3,3,3.047372
1,1,3.050757
1,1,3.05399
3,3,3.061297
2,2,3.066815
1,1,3.074338
3,3,3.08031
1,1,3.083356
1,1,3.087205
5,5,3.098649
4,4,3.10771
1,1,3.110697
1,1,3.113614
1,1,3.116452
1,1,3.119271
2,2,3.123902
1,1,3.126692
5,5,3.135934
1,1,3.138859
1,1,3.1417
1,1,3.144557
1,1,3.14739
1,1,3.150282
4,4,3.157522
1,1,3.160277
2,2,3.164544
1,1,3.167283
2,2,3.171578
3,3,3.177305
3,3,3.18305
1,1,3.185926
1,1,3.188688
1,1,3.191449
4,4,3.198641
1,1,3.201529
1,1,3.204332
3,3,3.210154
2,2,3.214433
1,1,3.217193
6,6,3.229233
1,1,3.232257
8,8,3.249207
2,2,3.254573
2,2,3.259367
1,1,3.262233
1,1,3.26505
1,1,3.268284
2,2,3.274816
3,3,3.280836
2,2,3.285611
2,2,3.29078
2,2,3.295214
1,1,3.298279
3,3,3.305312
2,2,3.310215
2,2,3.314655
1,1,3.317942
1,1,3.321787
3,3,3.328284
1,1,3.331413
4,4,3.341422
1,1,3.344209
2,2,3.348735
4,4,3.357569
5,5,3.366658
3,3,3.373755
1,1,3.376739
2,2,3.381118
1,1,3.384001
1,1,3.388003
1,1,3.390902
2,2,3.396677
3,3,3.404501
1,1,3.40766
2,2,3.412065
3,3,3.418424
2,2,3.423776
2,2,3.428398
3,3,3.434407
3,3,3.441686
1,1,3.44445
1,1,3.447625
3,3,3.454746
1,1,3.457855
2,2,3.462289
1,1,3.465208
2,2,3.470519
2,2,3.47498
1,1,3.478286
1,1,3.481318
1,1,3.484259
2,2,3.489696
1,1,3.492476
1,1,3.495294
1,1,3.498107
4,4,3.505947
1,1,3.508808
1,1,3.511879
2,2,3.516259
1,1,3.519197
2,2,3.523823
1,1,3.52731
2,2,3.532176
3,3,3.53894
1,1,3.541853
2,2,3.54664
4,4,3.554851
3,3,3.560903
2,2,3.565455
4,4,3.572704
1,1,3.575549
1,1,3.578323
1,1,3.58104
1,1,3.583774
1,1,3.586596
1,1,3.589351
3,3,3.595186
1,1,3.598199
4,4,3.605662
1,1,3.608695
1,1,3.611827
1,1,3.6151
3,3,3.621784
1,1,3.625088
1,1,3.628109
2,2,3.632463
2,2,3.636805
2,2,3.641216
1,1,3.644016
1,1,3.646805
3,3,3.652652
1,1,3.655391
1,1,3.658267
1,1,3.66239
1,1,3.667588
1,1,3.672641
1,1,3.677773
2,2,3.68568
1,1,3.688882
2,2,3.695192
2,2,3.70394
5,5,3.714697
4,4,3.723884
1,1,3.727114
1,1,3.730262
1,1,3.733611
2,2,3.738727
1,1,3.741869
1,1,3.745265
5,5,3.756449
4,4,3.767436
3,3,3.774339
1,1,3.777685
5,5,3.789187
1,1,3.792664
1,1,3.796982
2,2,3.806808
1,1,3.813412
1,1,3.819592
4,4,3.833921
2,2,3.839714
5,5,3.848683
1,1,3.85152
4,4,3.859254
1,1,3.862
3,3,3.868045
3,3,3.873743
1,1,3.876602
2,2,3.880954
1,1,3.883744
1,1,3.886576
6,6,3.897182
3,3,3.904391
4,4,3.911657
2,2,3.915866
1,1,3.918616
1,1,3.921394
1,1,3.924535
3,3,3.930277
4,4,3.938082
4,4,3.945363
1,1,3.948126
1,1,3.950853
1,1,3.953754
2,2,3.958302
1,1,3.961154
4,4,3.968309
3,3,3.974012
1,1,3.976729
1,1,3.979546
2,2,3.983759
2,2,3.989133
1,1,3.99196
2,2,3.996236
2,2,4.00047
1,1,4.00334
4,4,4.010549
1,1,4.013596
1,1,4.016667
1,1,4.01973
3,3,4.026035
1,1,4.0291
1,1,4.032334
1,1,4.035091
2,2,4.039286
1,1,4.042006
2,2,4.046826
1,1,4.049778
1,1,4.052539
3,3,4.058409
2,2,4.063209
2,2,4.067553
1,1,4.070635
1,1,4.073468
1,1,4.076208
1,1,4.0791
3,3,4.084924
1,1,4.087963
2,2,4.094099
4,4,4.101344
2,2,4.105583
1,1,4.108315
1,1,4.111058
1,1,4.113799
1,1,4.116527
1,1,4.119399
1,1,4.122142
2,2,4.126779
1,1,4.12992
1,1,4.13299
1,1,4.136319
1,1,4.139333
1,1,4.142469
2,2,4.147156
2,2,4.151415
1,1,4.15424
2,2,4.158519
11,11,4.176275
2,2,4.180515
3,3,4.186288
2,2,4.190835
1,1,4.193672
2,2,4.198226
2,2,4.202544
2,2,4.206899
1,1,4.209669
2,2,4.213999
1,1,4.216728
2,2,4.220931
1,1,4.223696
1,1,4.22667
2,2,4.231015
1,1,4.233747
1,1,4.236509
1,1,4.23936
1,1,4.242193
1,1,4.244954
1,1,4.248101
2,2,4.252465
2,2,4.256721
2,2,4.260999
1,1,4.263732
1,1,4.266461
5,5,4.275245
3,3,4.281024
1,1,4.283768
1,1,4.286537
7,7,4.299075
1,1,4.30186
3,3,4.307663
1,1,4.310421
7,7,4.323602
4,4,4.331914
4,4,4.341651
1,1,4.344537
2,2,4.349339
10,10,4.367934
2,2,4.373423
1,1,4.376477
2,2,4.382871
4,4,4.391899
2,2,4.396229
2,2,4.400824
1,1,4.404322
1,1,4.407273
1,1,4.410182
1,1,4.413051
2,2,4.417493
1,1,4.421255
1,1,4.42418
2,2,4.428683
4,4,4.436896
1,1,4.440556
1,1,4.444013
2,2,4.448906
1,1,4.452418
1,1,4.45599
6,6,4.467041
1,1,4.47101
1,1,4.473991
2,2,4.478284
1,1,4.481346
1,1,4.484425
3,3,4.49171
2,2,4.496044
2,2,4.500612
1,1,4.50431
1,1,4.507477
5,5,4.516701
1,1,4.520296
1,1,4.523542
1,1,4.526315
4,4,4.534186
1,1,4.53789
1,1,4.541105
3,3,4.547011
1,1,4.550149
1,1,4.553349
1,1,4.556739
2,2,4.561258
2,2,4.565569
2,2,4.570871
1,1,4.57387
2,2,4.57865
1,1,4.581553
2,2,4.586147
1,1,4.589663
4,4,4.596935
2,2,4.601347
4,4,4.608902
6,6,4.619101
2,2,4.623344
2,2,4.627554
1,1,4.630294
1,1,4.63334
1,1,4.636173
3,3,4.64197
6,6,4.652101
2,2,4.656354
10,10,4.673103
3,3,4.678829
1,1,4.681537
1,1,4.684262
1,1,4.687031
1,1,4.689754
2,2,4.69433
1,1,4.697102
2,2,4.70142
1,1,4.704316
4,4,4.711665
1,1,4.714416
1,1,4.71714
1,1,4.719957
5,5,4.728579
2,2,4.732965
3,3,4.738653
2,2,4.742865
3,3,4.748497
2,2,4.752746
1,1,4.75551
1,1,4.758251
4,4,4.76548
3,3,4.771342
2,2,4.775622
3,3,4.781356
1,1,4.784094
3,3,4.789765
1,1,4.792635
4,4,4.800065
5,5,4.808965
2,2,4.813461
2,2,4.817847
1,1,4.820684
2,2,4.8249
1,1,4.827776
2,2,4.832076
3,3,4.838072
2,2,4.84258
1,1,4.84556
1,1,4.848741
1,1,4.851837
3,3,4.857501
3,3,4.863983
1,1,4.866754
1,1,4.869708
1,1,4.873244
1,1,4.876053
1,1,4.878963
2,2,4.883467
2,2,4.888046
3,3,4.893976
1,1,4.896986
3,3,4.903177
1,1,4.906361
4,4,4.914091
2,2,4.918918
1,1,4.921854
1,1,4.924894
1,1,4.927732
4,4,4.93504
1,1,4.937771
1,1,4.940586
3,3,4.946487
1,1,4.949266
4,4,4.956707
1,1,4.959453
1,1,4.96237
1,1,4.965367
1,1,4.968161
1,1,4.970943
1,1,4.973716
1,1,4.97646
3,3,4.982171
2,2,4.986394
4,4,4.993825
4,4,5.001006
2,2,5.005296
1,1,5.008403
2,2,5.013039
4,4,5.020249
1,1,5.02301
3,3,5.029034
1,1,5.031966
3,3,5.037897
1,1,5.040644
2,2,5.045212
1,1,5.04796
2,2,5.052302
1,1,5.055058
1,1,5.057789
1,1,5.060535
1,1,5.063508
1,1,5.066289
1,1,5.06904
2,2,5.073396
1,1,5.076841
1,1,5.080723
1,1,5.084192
2,2,5.090299
1,1,5.093894
1,1,5.097294
1,1,5.101076
1,1,5.104657
1,1,5.108353
1,1,5.112069
2,2,5.117946
4,4,5.127911
1,1,5.13182
8,8,5.150167
1,1,5.153938
1,1,5.157093
5,5,5.16588
2,2,5.170361
1,1,5.173088
1,1,5.175837
1,1,5.178599
1,1,5.181345
1,1,5.184137
1,1,5.186875
3,3,5.192579
1,1,5.195383
2,2,5.199608
1,1,5.202349
6,6,5.212883
2,2,5.217262
2,2,5.221564
1,1,5.224268
1,1,5.227065
4,4,5.234496
1,1,5.237316
1,1,5.240059
4,4,5.247154
2,2,5.251352
2,2,5.256224
1,1,5.259272
1,1,5.262437
1,1,5.265539
2,2,5.270232
3,3,5.27632
4,4,5.283557
3,3,6.454373
6,6,6.465956
1,1,6.468702
1,1,6.471523
1,1,6.475203
2,2,6.480391
1,1,6.483463
2,2,6.487969
1,1,6.490749
1,1,6.493873
9,9,6.508963
1,1,6.511722
6,6,6.521944
3,3,6.527611
1,1,6.530586
3,3,6.536353
1,1,6.539722
1,1,6.54272
3,3,6.549055
1,1,6.551798
2,2,6.556096
2,2,6.560631
1,1,6.563421
2,2,6.567755
2,2,6.572253
2,2,6.576497
2,2,6.580805
1,1,6.583528
1,1,6.586266
1,1,6.589064
1,1,6.59191
10,10,6.60944
2,2,6.61369
1,1,6.61646
3,3,6.622171
3,3,6.628005
1,1,6.630931
3,3,6.636832
1,1,6.639657
2,2,6.644171
2,2,6.648439
2,2,6.652711
3,3,6.658653
2,2,6.66301
1,1,6.665769
1,1,6.668532
1,1,6.671277
1,1,6.673984
1,1,6.676987
3,3,6.683053
2,2,6.687376
2,2,6.692837
2,2,6.697363
1,1,6.700936
2,2,6.706969
2,2,6.711993
1,1,6.715019
1,1,6.718854
1,1,6.722604
3,3,6.730713
1,1,6.734445
1,1,6.738174
2,2,6.743742
2,2,6.748647
4,4,6.755906
2,2,6.76014
9,9,6.774638
4,4,6.7819
3,3,6.7877
5,5,6.796558
1,1,6.799419
2,2,6.803762
2,2,6.808396
4,4,6.816204
3,3,6.821986
4,4,6.829662
3,3,6.836044
3,3,6.842616
1,1,6.845896
3,3,6.85209
14,14,6.874396
5,5,6.883267
2,2,6.887544
1,1,6.890304
1,1,6.893053
2,2,6.89727
3,3,6.903306
6,6,6.913829
1,1,6.916656
7,7,6.928372
1,1,6.931141
3,3,6.936984
3,3,6.942743
3,3,6.949098
1,1,6.952253
6,6,6.962489
3,3,6.970072
1,1,6.973816
2,2,6.978512
7,7,6.991987
2,2,6.996861
6,6,7.007775
9,9,7.022989
1,1,7.025882
4,4,7.033556
3,3,7.039418
1,1,7.042232
1,1,7.045082
3,3,7.050888
3,3,7.057157
1,1,7.059963
5,5,7.069077
2,2,7.073354
8,8,7.086514
3,3,7.092213
2,2,7.096837
1,1,7.099608
2,2,7.103978
2,2,7.108235
1,1,7.111163
1,1,7.11395
3,3,7.119772
1,1,7.122513
6,6,7.1329
7,7,7.144697
1,1,7.147471
1,1,7.150233
5,5,7.158995
1,1,7.161742
2,2,7.16623
2,2,7.170632
2,2,7.174977
1,1,7.178029
3,3,7.183731
1,1,7.186452
2,2,7.191007
7,7,7.203026
3,3,7.208734
2,2,7.213385
2,2,7.217631
1,1,7.220435
6,6,7.230734
1,1,7.233531
4,4,7.240937
3,3,7.246642
2,2,7.250829
1,1,7.254432
1,1,7.257224
3,3,7.263328
2,2,7.267704
3,3,7.2737
6,6,7.284391
2,2,7.289007
2,2,7.294017
1,1,7.297312
4,4,7.305174
3,3,7.310935
1,1,7.31416
1,1,7.31697
4,4,7.324122
1,1,7.326864
1,1,7.329952
1,1,7.332746
2,2,7.337485
2,2,7.342208
2,2,7.34684
2,2,7.351135
1,1,7.35387
1,1,7.357374
1,1,7.360725
3,3,7.366511
2,2,7.370709
4,4,7.377957
2,2,7.382214
3,3,7.387955
1,1,7.390705
2,2,7.395041
3,3,7.401575
4,4,7.409516
2,2,7.414502
1,1,7.417404
1,1,7.420142
2,2,7.424378
1,1,7.427135
2,2,7.4314
3,3,7.437551
3,3,7.44335
4,4,7.450525
1,1,7.453682
1,1,7.456444
2,2,7.460886
3,3,7.466758
2,2,7.471048
1,1,7.473916
1,1,7.47668
4,4,7.48402
6,6,7.494198
2,2,7.498424
1,1,7.501551
1,1,7.504624
7,7,7.517672
1,1,7.520999
2,2,7.527063
2,2,7.532578
1,1,7.535332
1,1,7.538105
3,3,7.544157
2,2,7.548728
3,3,7.554633
5,5,7.563838
5,5,7.572809
1,1,7.575617
1,1,7.578386
2,2,7.582847
4,4,7.591337
2,2,7.596094
1,1,7.599156
3,3,7.605073
1,1,7.607797
4,4,7.615461
2,2,7.61986
2,2,7.624656
2,2,7.628902
4,4,7.636161
1,1,7.638904
2,2,7.643152
9,9,7.658548
4,4,7.665877
6,6,7.675987
2,2,7.680639
1,1,7.683427
8,8,7.696388
1,1,7.699213
3,3,7.705006
2,2,7.709333
5,5,7.718449
1,1,7.721184
3,3,7.727157
1,1,7.730128
4,4,7.738853
2,2,7.747597
3,3,7.757124
5,5,7.766204
5,5,7.77503
1,1,7.777767
1,1,7.78052
1,1,7.783249
1,1,7.785999
1,1,7.78876
1,1,7.791515
1,1,7.794285
1,1,7.797207
1,1,7.800137
2,2,7.804591
2,2,7.808894
8,8,7.822977
1,1,7.825752
4,4,7.833262
6,6,7.843492
1,1,7.846362
6,6,7.857165
5,5,7.865929
1,1,7.868669
3,3,7.874409
1,1,7.877143
8,8,7.890288
5,5,7.899335
7,7,7.911029
3,3,7.916858
5,5,7.925532
1,1,7.92829
1,1,7.931275
3,3,7.937099
4,4,7.944178
1,1,7.946931
4,4,7.954223
4,4,7.961687
1,1,7.964539
3,3,7.970214
1,1,7.972954
1,1,7.975693
1,1,7.978419
4,4,7.985811
2,2,7.990118
4,4,7.99736
3,3,8.003114
3,3,8.008791
1,1,8.011539
3,3,8.017347
2,2,8.021585
5,5,8.03028
1,1,8.033701
1,1,8.03661
1,1,8.039363
1,1,8.042197
1,1,8.044959
2,2,8.050031
2,2,8.05477
5,5,8.06472
4,4,8.072469
2,2,8.077254
1,1,8.080367
1,1,8.083387
1,1,8.086247
4,4,8.093599
5,5,8.103359
2,2,8.107762
3,3,8.113521
1,1,8.116297
2,2,8.120886
5,5,8.129481
3,3,8.135169
1,1,8.137987
2,2,8.142222
1,1,8.145249
1,1,8.148059
4,4,8.155629
2,2,8.160048
1,1,8.162938
2,2,8.167627
2,2,8.172063
1,1,8.174828
5,5,8.183643
1,1,8.186831
3,3,8.193158
2,2,8.197993
3,3,8.20451
2,2,8.208846
1,1,8.211648
1,1,8.214531
2,2,8.218944
2,2,8.223211
4,4,8.230577
1,1,8.23334
1,1,8.236184
4,4,8.243321
1,1,8.246059
1,1,8.248852
6,6,8.259001
5,5,8.267713
6,6,8.277835
2,2,8.282223
3,3,8.287971
1,1,8.290723
1,1,8.293545
2,2,8.298282
2,2,8.302555
6,6,8.313166
8,8,8.326756
1,1,8.329652
3,3,8.335538
1,1,8.338269
2,2,8.342482
1,1,8.345312
1,1,8.348355
8,8,8.36177
2,2,8.366058
3,3,8.371764
2,2,8.375972
3,3,8.381751
1,1,8.38452
3,3,8.390521
1,1,8.393278
3,3,8.399084
2,2,8.403369
1,1,8.406145
1,1,8.409058
2,2,8.41346
2,2,8.417702
1,1,8.420811
4,4,8.428136
1,1,8.430962
5,5,8.439768
1,1,8.442514
5,5,8.451551
5,5,8.460232
2,2,8.46453
1,1,8.467302
1,1,8.470097
4,4,8.47731
2,2,8.481546
1,1,8.484265
4,4,8.491528
3,3,8.497282
3,3,8.50294
1,1,8.505793
4,4,8.513697
10,10,8.530695
1,1,8.534008
7,7,8.546514
3,3,8.552248
3,3,8.558155
4,4,8.566458
1,1,8.570444
2,2,8.576303
3,3,8.583021
3,3,8.589516
2,2,8.594433
1,1,8.597683
1,1,8.600508
1,1,8.60349
1,1,8.606397
2,2,8.610833
4,4,8.618306
2,2,8.622816
3,3,8.628999
2,2,8.633451
2,2,8.639002
1,1,8.642418
2,2,8.64736
6,6,8.658153
1,1,8.66096
3,3,8.667013
2,2,8.671334
1,1,8.674088
2,2,8.678382
3,3,8.68431
2,2,8.688615
5,5,8.697542
4,4,8.704826
1,1,8.707867
2,2,8.712105
4,4,8.719529
2,2,8.723862
2,2,8.728289
6,6,8.738653
1,1,8.741427
1,1,8.744249
1,1,8.74706
6,6,8.757152
1,1,8.760108
2,2,8.764472
3,3,8.770192
1,1,8.773201
1,1,8.776025
1,1,8.778772
4,4,8.786234
2,2,8.790427
1,1,8.793145
1,1,8.795911
1,1,8.798776
1,1,8.801641
3,3,8.807622
3,3,8.813814
2,2,8.818931
1,1,8.821729
1,1,8.824489
4,4,8.832064
6,6,8.842555
2,2,8.847857
1,1,8.851743
8,8,8.866121
2,2,8.870464
3,3,8.876545
1,1,8.87929
4,4,8.886647
3,3,8.892482
2,2,8.896696
1,1,8.899477
7,7,8.912012
2,2,8.916247
1,1,8.918967
3,3,8.924652
1,1,8.927434
2,2,8.931669
1,1,8.934418
1,1,8.937166
3,3,8.942823
3,3,8.948691
1,1,8.95144
1,1,8.954165
3,3,8.959874
2,2,8.964106
2,2,8.968373
2,2,8.972614
1,1,8.975323
6,6,8.986195
4,4,8.994346
2,2,8.99901
3,3,9.005164
2,2,9.009391
2,2,9.014057
1,1,9.016807
2,2,9.021136
4,4,9.028474
3,3,9.03434
2,2,9.038564
2,2,9.042814
1,1,9.04554
1,1,9.048281
10,10,9.064373
1,1,9.067116
5,5,9.076075
2,2,9.080376
6,6,9.090591
2,2,9.095421
7,7,9.109972
6,6,9.120913
1,1,9.123761
1,1,9.126537
3,3,9.132632
1,1,9.135628
2,2,9.139967
1,1,9.142767
3,3,9.148837
1,1,9.151645
1,1,9.15443
1,1,9.157464
1,1,9.160264
1,1,9.16303
6,6,9.173789
1,1,9.176537
9,9,9.191273
7,7,9.202892
1,1,9.205646
1,1,9.208597
1,1,9.211651
1,1,9.21449
1,1,9.217221
2,2,9.221525
1,1,9.224257
1,1,9.227295
2,2,9.232014
3,3,9.237807
3,3,9.243494
1,1,9.24623
3,3,9.251943
3,3,9.257641
5,5,9.266443
4,4,9.273711
2,2,9.278021
3,3,9.28371
1,1,9.286422
1,1,9.289215
3,3,9.294973
2,2,9.299337
1,1,9.302343
1,1,9.305097
1,1,9.307913
3,3,9.314378
1,1,9.317176
5,5,9.326548
5,5,9.336691
3,3,9.342994
5,5,9.352016
2,2,9.356224
1,1,9.358994
1,1,9.361813
4,4,9.369074
5,5,9.377748
1,1,9.380488
5,5,9.38913
2,2,9.393361
2,2,9.397624
3,3,9.403313
1,1,9.406012
1,1,9.408736
1,1,9.411467
7,7,9.422997
1,1,9.425695
7,7,9.438352
2,2,9.443014
2,2,9.447622
1,1,9.450643
1,1,9.453972
2,2,9.458231
4,4,9.465545
1,1,9.468267
3,3,9.473953
5,5,9.482482
4,4,9.48969
1,1,9.492632
1,1,9.495366
3,3,9.501035
1,1,9.503754
2,2,9.507973
5,5,9.517065
1,1,9.519815
1,1,9.522568
6,6,9.5331
3,3,9.538995
2,2,9.543317
3,3,9.549329
3,3,9.55506
1,1,9.557873
2,2,9.562224
2,2,9.566459
2,2,9.570714
1,1,9.573437
2,2,9.577738
2,2,9.582038
2,2,9.586308
7,7,9.59816
3,3,9.603938
3,3,9.609743
2,2,9.613984
1,1,9.616729
1,1,9.619615
3,3,9.627972
5,5,9.637288
3,3,9.644414
9,9,9.660605
3,3,9.666907
1,1,9.669757
2,2,9.674317
1,1,9.677111
4,4,9.684877
2,2,9.689766
3,3,9.696146
5,5,9.705139
3,3,9.710965
5,5,9.720109
1,1,9.722839
1,1,9.725576
1,1,9.728342
4,4,9.735755
2,2,9.74
2,2,9.744219
1,1,9.746961
2,2,9.751202
8,8,9.764585
2,2,9.768812
2,2,9.773051
2,2,9.777691
4,4,9.784954
3,3,9.790718
2,2,9.794931
1,1,9.797655
3,3,9.803782
1,1,9.806572
1,1,9.809448
3,3,9.815473
4,4,9.822936
1,1,9.825697
1,1,9.828586
1,1,9.831741
3,3,9.838361
1,1,9.841276
6,6,9.853128
6,6,9.863372
4,4,9.87059
5,5,9.879227
1,1,9.88227
1,1,9.885054
2,2,9.88989
1,1,9.892942
1,1,9.896294
1,1,9.899396
3,3,9.905943
3,3,9.912017
2,2,9.916329
2,2,9.92056
5,5,9.932137
1,1,9.9349
1,1,9.937731
1,1,9.940581
2,2,9.94483
1,1,9.947581
3,3,9.953364
1,1,9.956093
3,3,9.961821
1,1,9.964588
4,4,9.971908
4,4,9.979297
3,3,9.984951
1,1,9.987813
2,2,9.992042
1,1,9.99479
9,9,10.009693
1,1,10.012475
7,7,10.024431
2,2,10.028646
8,8,10.041864
3,3,10.047679
3,3,10.053342
1,1,10.056128
1,1,10.058966
2,2,10.063212
1,1,10.065932
1,1,10.068673
1,1,10.071391
3,3,10.077077
2,2,10.081389
1,1,10.084265
1,1,10.087057
2,2,10.09128
1,1,10.094005
4,4,10.101131
2,2,10.105363
6,6,10.116345
6,6,10.126408
1,1,10.129205
2,2,10.133485
1,1,10.136265
1,1,10.139074
2,2,10.143399
2,2,10.147717
3,3,10.153554
2,2,10.158558
3,3,10.164674
1,1,10.167754
3,3,10.174957
4,4,10.182684
5,5,10.191897
2,2,10.196173
2,2,10.200669
4,4,10.208009
3,3,10.213836
1,1,10.216942
1,1,10.219818
1,1,10.222555
1,1,10.22561
4,4,10.234353
6,6,10.246037
4,4,10.2532
2,2,10.257429
3,3,10.263105
3,3,10.268906
2,2,10.273109
1,1,10.275824
2,2,10.280244
2,2,10.284578
1,1,10.287355
3,3,10.293301
3,3,10.299069
3,3,10.305106
6,6,10.315677
2,2,10.320215
2,2,10.324461
8,8,10.338233
6,6,10.349389
1,1,10.352376
1,1,10.355135
4,4,10.362274
1,1,10.365015
3,3,10.37089
2,2,10.375074
2,2,10.379287
1,1,10.382018
1,1,10.385143
1,1,10.387895
4,4,10.395415
1,1,10.398214
2,2,10.402489
2,2,10.40671
2,2,10.41118
2,2,10.415532
3,3,10.4216
3,3,10.42732
1,1,10.430048
3,3,10.435873
1,1,10.438719
1,1,10.44147
1,1,10.444288
2,2,10.448724
4,4,10.456275
1,1,10.459023
1,1,10.461765
1,1,10.464505
1,1,10.467253
1,1,10.469973
5,5,10.478842
2,2,10.483125
1,1,10.485936
4,4,10.493298
1,1,10.496041
5,5,10.504762
6,6,10.515117
1,1,10.517898
2,2,10.522312
1,1,10.525216
3,3,10.531039
1,1,10.533798
1,1,10.536648
2,2,10.540989
1,1,10.543931
3,3,10.549992
1,1,10.552728
3,3,10.5585
2,2,10.562748
2,2,10.567527
2,2,10.572206
1,1,10.575521
2,2,10.579811
1,1,10.583325
3,3,10.589694
10,10,10.606371
7,7,10.618099
1,1,10.620828
2,2,10.625084
2,2,10.629347
1,1,10.63208
1,1,10.634814
2,2,10.639036
4,4,10.646319
3,3,10.652162
1,1,10.655355
1,1,10.658229
3,3,10.664076
6,6,10.674995
5,5,10.684153
1,1,10.689052
2,2,10.693597
4,4,10.701909
2,2,10.70651
1,1,10.710353
2,2,11.859791
4,4,11.867779
3,3,11.873967
2,2,11.878256
1,1,11.881574
10,10,11.899917
1,1,11.90276
2,2,11.907458
2,2,11.911724
8,8,11.926567
16,16,11.961492
3,3,11.967406
2,2,11.971645
4,4,11.97885
1,1,11.981587
4,4,11.989185
1,1,11.992026
4,4,11.999221
13,13,12.019696
2,2,12.023911
9,9,12.038988
4,4,12.046216
2,2,12.050547
1,1,12.053346
1,1,12.056171
3,3,12.061845
9,9,12.076414
2,2,12.080659
1,1,12.083393
3,3,12.08942
2,2,12.093692
1,1,12.096443
5,5,12.105019
3,3,12.110737
3,3,12.116876
1,1,12.119698
6,6,12.129976
3,3,12.136205
1,1,12.138988
2,2,12.14351
1,1,12.146268
1,1,12.149102
1,1,12.151875
1,1,12.154596
2,2,12.158978
6,6,12.169072
3,3,12.174952
1,1,12.177677
6,6,12.187962
2,2,12.192546
3,3,12.198462
5,5,12.207303
4,4,12.21462
1,1,12.217339
1,1,12.220119
2,2,12.224408
4,4,12.231832
5,5,12.240729
10,10,12.258941
1,1,12.261736
4,4,12.269559
5,5,12.278991
2,2,12.283618
1,1,12.286459
2,2,12.291417
1,1,12.294332
8,8,12.318419
2,2,12.323053
5,5,12.332112
5,5,12.341395
1,1,12.344268
2,2,12.348573
25,25,12.387809
4,4,12.395168
8,8,12.408428
6,6,12.418616
4,4,12.42582
4,4,12.433017
8,8,12.446244
2,2,12.450497
5,5,12.459259
7,7,12.470726
3,3,12.476448
12,12,12.496227
1,1,12.498996
4,4,12.506652
1,1,12.509522
8,8,12.523077
6,6,12.533372
2,2,12.537698
2,2,12.541942
4,4,12.549152
5,5,12.557827
4,4,12.565232
1,1,12.568022
1,1,12.570849
2,2,12.575455
1,1,12.578216
7,7,12.590208
2,2,12.595005
3,3,12.601497
4,4,12.60959
3,3,12.615783
7,7,12.627635
3,3,12.633475
3,3,12.639294
7,7,12.651176
1,1,12.653917
3,3,12.660001
2,2,12.664225
2,2,12.668519
1,1,12.671269
4,4,12.678616
1,1,12.681359
1,1,12.684111
11,11,12.703183
3,3,12.709496
1,1,12.712493
2,2,12.71733
3,3,12.724116
1,1,12.726964
2,2,12.731205
13,13,12.752515
2,2,12.756759
4,4,12.764187
5,5,12.773971
8,8,12.787013
8,8,12.800937
1,1,12.803917
5,5,12.813887
3,3,12.819668
3,3,12.826157
7,7,12.841241
1,1,12.844144
6,6,12.854814
3,3,12.860772
5,5,12.869744
1,1,12.872683
8,8,12.885905
5,5,12.894657
1,1,12.897478
5,5,12.907015
1,1,12.910514
2,2,12.915394
4,4,12.922949
1,1,12.925724
11,11,12.94383
2,2,12.948118
2,2,12.952365
2,2,12.95659
4,4,12.963786
2,2,12.968437
7,7,12.980091
3,3,12.985949
7,7,12.998128
2,2,13.002358
9,9,13.016953
3,3,13.022816
6,6,13.033075
2,2,13.037474
5,5,13.046982
1,1,13.049988
1,1,13.053103
1,1,13.056424
5,5,13.0662
2,2,13.070567
4,4,13.078156
2,2,13.082471
2,2,13.086866
4,4,13.094189
9,9,13.108955
3,3,13.115004
7,7,13.127414
2,2,13.131707
2,2,13.13647
1,1,13.139425
3,3,13.145589
4,4,13.152683
1,1,13.155433
1,1,13.158528
2,2,13.162813
1,1,13.165655
1,1,13.168538
1,1,13.171344
6,6,13.181691
3,3,13.187455
1,1,13.190422
1,1,13.193425
1,1,13.196185
5,5,13.205693
5,5,13.214369
2,2,13.218545
2,2,13.222741
1,1,13.225473
1,1,13.228259
4,4,13.235592
11,11,13.253179
1,1,13.255918
4,4,13.263053
2,2,13.267283
2,2,13.272131
4,4,13.279414
2,2,13.284389
2,2,13.288983
1,1,13.291935
4,4,13.299651
3,3,13.305345
9,9,13.320375
3,3,13.326684
6,6,13.336953
1,1,13.340104
3,3,13.346568
7,7,13.359241
1,1,13.362089
2,2,13.36647
1,1,13.369228
8,8,13.382837
2,2,13.38773
1,1,13.390868
3,3,13.397106
1,1,13.400399
1,1,13.403386
1,1,13.406203
4,4,13.413394
7,7,13.42539
1,1,13.428149
10,10,13.444053
1,1,13.446819
1,1,13.449572
1,1,13.45233
8,8,13.465715
4,4,13.472898
6,6,13.482993
1,1,13.485998
10,10,13.503152
4,4,13.511058
3,3,13.517258
1,1,13.520018
3,3,13.525828
3,3,13.531536
1,1,13.534435
1,1,13.53724
2,2,13.541638
3,3,13.547496
6,6,13.557703
1,1,13.560439
1,1,13.563209
1,1,13.565965
3,3,13.571645
1,1,13.574411
3,3,13.580131
1,1,13.582856
3,3,13.588576
1,1,13.59131
5,5,13.599926
1,1,13.602768
5,5,13.611869
6,6,13.622247
4,4,13.629468
2,2,13.633737
6,6,13.643914
5,5,13.652573
1,1,13.655296
4,4,13.662922
7,7,13.674666
2,2,13.678879
4,4,13.686079
3,3,13.693079
3,3,13.698811
1,1,13.70155
1,1,13.704615
1,1,13.707424
2,2,13.711666
8,8,13.725442
4,4,13.732602
3,3,13.738679
9,9,13.75337
1,1,13.756145
2,2,13.760358
2,2,13.764549
6,6,13.774754
1,1,13.777873
3,3,13.783667
3,3,13.789641
11,11,13.808099
6,6,13.820479
2,2,13.825131
2,2,13.829466
3,3,13.83599
2,2,13.840664
3,3,13.846522
3,3,13.852576
6,6,13.863733
5,5,13.874051
4,4,13.883759
2,2,13.889807
6,6,13.901365
3,3,13.908072
2,2,13.913837
6,6,13.926502
2,2,13.931704
4,4,13.941428
2,2,13.945669
3,3,13.951962
6,6,13.962079
6,6,13.972508
1,1,13.975328
4,4,13.98285
6,6,13.993338
1,1,13.996079
1,1,13.998839
5,5,14.007872
6,6,14.018586
1,1,14.021355
2,2,14.025597
2,2,14.030306
1,1,14.033477
3,3,14.039629
2,2,14.044161
3,3,14.050549
1,1,14.053761
3,3,14.059589
7,7,14.071532
1,1,14.074296
1,1,14.077026
1,1,14.079818
5,5,14.088473
2,2,14.092753
3,3,14.098354
1,1,14.101135
4,4,14.108619
1,1,14.111408
2,2,14.115644
1,1,14.118364
5,5,14.127687
1,1,14.130442
3,3,14.136398
3,3,14.142522
2,2,14.146826
4,4,14.153995
1,1,14.156718
5,5,14.167649
3,3,14.174402
5,5,14.184175
2,2,14.188557
2,2,14.192806
2,2,14.197091
4,4,14.204318
1,1,14.207211
2,2,14.211664
4,4,14.219023
2,2,14.223257
8,8,14.237122
4,4,14.244405
2,2,14.248788
4,4,14.255932
3,3,14.261707
11,11,14.279292
2,2,14.283618
4,4,14.291326
4,4,14.299573
5,5,14.309381
5,5,14.318011
2,2,14.322303
7,7,14.334191
2,2,14.338506
3,3,14.344606
7,7,14.356391
4,4,14.36365
3,3,14.369608
7,7,14.38135
3,3,14.38714
13,13,14.410265
2,2,14.414739
7,7,14.426879
4,4,14.434154
5,5,14.443267
3,3,14.448976
5,5,14.457627
4,4,14.464764
9,9,14.479304
5,5,14.487841
3,3,14.493564
1,1,14.496295
1,1,14.499073
9,9,14.514597
4,4,14.521914
7,7,14.533917
2,2,14.538492
7,7,14.550369
8,8,14.563488
3,3,14.569145
6,6,14.579347
6,6,14.589568
5,5,14.598126
3,3,14.603778
1,1,14.606533
1,1,14.609295
3,3,14.615117
4,4,14.622409
3,3,14.628693
2,2,14.633661
2,2,14.638219
10,10,14.655312
3,3,14.661175
7,7,14.673431
1,1,14.676217
2,2,14.680456
8,8,14.694822
1,1,14.697823
1,1,14.70058
4,4,14.708167
5,5,14.717124
1,1,14.719924
3,3,14.725743
6,6,14.735925
1,1,14.739183
1,1,14.742212
2,2,14.747356
3,3,14.753708
3,3,14.759761
3,3,14.76542
3,3,14.771578
3,3,14.777306
6,6,14.787481
2,2,14.791711
2,2,14.796031
2,2,14.800299
7,7,14.812361
2,2,14.816752
2,2,14.820974
1,1,14.823843
3,3,14.829612
4,4,14.836908
5,5,14.846489
1,1,14.849696
5,5,14.858915
4,4,14.866741
7,7,14.878666
2,2,14.883093
2,2,14.887401
3,3,14.893399
5,5,14.902209
8,8,14.916867
8,8,14.93263
4,4,14.942505
1,1,14.945256
1,1,14.948513
9,9,14.964106
8,8,14.97778
1,1,14.980554
2,2,14.984935
1,1,14.987704
1,1,14.990686
6,6,15.001151
1,1,15.003895
16,16,15.03063
1,1,15.033442
1,1,15.03656
1,1,15.039405
1,1,15.042169
2,2,15.046378
1,1,15.049169
5,5,15.058294
3,3,15.064884
1,1,15.067687
5,5,15.076847
1,1,15.07986
4,4,15.09261
1,1,15.095952
6,6,15.106815
4,4,15.114403
2,2,15.120037
13,13,15.149871
1,1,15.153796
1,1,15.157494
1,1,15.161462
1,1,15.16493
24,24,15.211022
1,1,15.21378
4,4,15.221044
1,1,15.223958
1,1,15.22676
4,4,15.234169
1,1,15.237063
3,3,15.242938
1,1,15.245878
3,3,15.251496
4,4,15.258731
2,2,15.263011
1,1,15.265816
2,2,15.270172
5,5,15.279139
4,4,15.286477
8,8,15.299756
3,3,15.305622
6,6,15.316324
1,1,15.319135
1,1,15.321888
9,9,15.336987
8,8,15.350477
5,5,15.359761
3,3,15.365565
3,3,15.371314
2,2,15.375608
4,4,15.382823
6,6,15.393982
2,2,15.398267
4,4,15.40548
1,1,15.408276
4,4,15.415713
2,2,15.420336
1,1,15.423292
1,1,15.426059
10,10,15.442422
3,3,15.448187
3,3,15.454019
1,1,15.457042
1,1,15.459846
3,3,15.466563
1,1,15.469396
13,13,15.491529
16,16,15.517272
3,3,15.523094
5,5,15.532065
1,1,15.535408
4,4,15.543393
4,4,15.550935
1,1,15.553708
4,4,15.56153
6,6,15.571634
1,1,15.574382
16,16,15.59966
3,3,15.605323
3,3,15.610979
4,4,15.618183
3,3,15.6239
3,3,15.629645
1,1,15.632465
10,10,15.649087
5,5,15.657967
1,1,15.660724
4,4,15.668
3,3,15.67372
2,2,15.677905
1,1,15.680602
7,7,15.692361
1,1,15.695106
1,1,15.697854
2,2,15.702088
2,2,15.706313
1,1,15.709056
4,4,15.716212
1,1,15.719055
5,5,15.728153
1,1,15.730913
3,3,15.736664
8,8,15.750473
1,1,15.75338
7,7,15.76531
4,4,15.772948
7,7,15.784919
2,2,15.789359
1,1,15.792119
3,3,15.797804
3,3,15.803444
2,2,15.807685
5,5,15.816679
4,4,15.824202
1,1,15.827003
3,3,16.987483
9,9,17.002619
1,1,17.005398
3,3,17.011397
12,12,17.034763
1,1,17.037507
3,3,17.043666
2,2,17.047956
2,2,17.052208
12,12,17.073417
4,4,17.089723
20,20,17.122753
28,28,17.166688
2,2,17.170975
6,6,17.181337
4,4,17.188555
1,1,17.191632
3,3,17.197418
31,31,17.246991
2,2,17.251214
5,5,17.259944
1,1,17.262675
2,2,17.267015
12,12,17.286318
5,5,17.295577
1,1,17.298321
11,11,17.316142
1,1,17.318948
12,12,17.338637
1,1,17.341432
14,14,17.364237
1,1,17.36713
7,7,17.378893
2,2,17.383206
4,4,17.390337
3,3,17.39645
1,1,17.399249
1,1,17.402043
1,1,17.404799
21,21,17.437797
3,3,17.443511
18,18,17.472602
19,19,17.50196
6,6,17.512229
2,2,17.516463
4,4,17.523868
5,5,17.532501
3,3,17.538443
20,20,17.570033
3,3,17.57662
4,4,17.584782
1,1,17.587947
13,13,17.609954
20,20,17.641313
6,6,17.651493
17,17,17.678232
1,1,17.681031
26,26,17.721033
5,5,17.729651
4,4,17.737098
10,10,17.75367
4,4,17.761046
3,3,17.767089
2,2,17.77132
8,8,17.784408
4,4,17.791885
27,27,17.834285
1,1,17.837089
14,14,17.859543
1,1,17.862383
2,2,17.866718
1,1,17.869462
4,4,17.876532
5,5,17.885473
3,3,17.89133
11,11,17.909756
1,1,17.912886
6,6,17.924253
3,3,17.930244
7,7,17.942413
15,15,17.966277
2,2,17.970541
3,3,17.976207
1,1,17.978933
9,9,17.99435
2,2,17.998853
5,5,18.007622
9,9,18.023079
7,7,18.034866
25,25,18.074434
7,7,18.086984
10,10,18.103481
23,23,18.142097
1,1,18.145095
2,2,18.149594
1,1,18.152373
13,13,18.173632
2,2,18.178149
3,3,18.183886
11,11,18.202337
1,1,18.205189
4,4,18.21266
3,3,18.218561
7,7,18.231881
8,8,18.246982
4,4,18.254369
1,1,18.257117
7,7,18.268871
1,1,18.271625
1,1,18.27436
2,2,18.278618
7,7,18.290618
31,31,18.339896
1,1,18.342703
3,3,18.34847
16,16,18.374866
2,2,18.379168
1,1,18.381874
5,5,18.391277
13,13,18.415468
25,25,18.454562
21,21,18.487922
17,17,18.514225
4,4,18.521397
6,6,18.531515
11,11,18.550176
22,22,18.585021
5,5,18.593826
17,17,18.621291
2,2,18.625512
7,7,18.637195
1,1,18.639941
14,14,18.664088
9,9,18.679034
8,8,18.692329
10,10,18.71034
3,3,18.716483
13,13,18.737477
12,12,18.756535
8,8,18.769767
13,13,18.790476
6,6,18.800774
2,2,18.805003
5,5,18.814651
10,10,18.83187
8,8,18.845763
12,12,18.865223
3,3,18.871109
2,2,18.875354
7,7,18.887308
1,1,18.890027
4,4,18.897541
3,3,18.903283
5,5,18.912166
9,9,18.927261
7,7,18.93914
10,10,18.955468
11,11,18.9731
7,7,18.984792
5,5,18.993388
15,15,19.016792
6,6,19.026955
8,8,19.040473
2,2,19.044923
6,6,19.055806
17,17,19.083573
2,2,19.087911
6,6,19.098171
6,6,19.10856
6,6,19.118853
24,24,19.158884
6,6,19.169812
9,9,19.18654
2,2,19.191174
4,4,19.198838
17,17,19.226452
7,7,19.238932
1,1,19.241979
10,10,19.259064
3,3,19.265526
8,8,19.279255
4,4,19.287533
6,6,19.29776
2,2,19.302363
6,6,19.312474
4,4,19.319968
2,2,19.324393
23,23,19.361071
7,7,19.373515
12,12,19.392821
6,6,19.40326
3,3,19.409504
25,25,19.448386
9,9,19.463567
1,1,19.466301
7,7,19.477967
1,1,19.480732
7,7,19.492785
1,1,19.495552
14,14,19.517543
1,1,19.520634
7,7,19.532509
15,15,19.556972
3,3,19.562867
6,6,19.573161
5,5,19.581932
34,34,19.634998
20,20,19.66655
4,4,19.673749
7,7,19.685361
1,1,19.688117
7,7,19.701107
11,11,19.720332
3,3,19.726079
8,8,19.739955
1,1,19.743224
7,7,19.755204
2,2,19.759555
1,1,19.762395
19,19,19.792067
10,10,19.808664
7,7,19.820561
1,1,19.823476
12,12,19.843233
2,2,19.847585
3,3,19.853608
3,3,19.859426
12,12,19.878924
19,19,19.908789
4,4,19.916211
3,3,19.922719
16,16,19.950909
3,3,19.957223
3,3,19.962956
5,5,19.971657
6,6,19.982211
13,13,20.002781
6,6,20.013044
10,10,20.02936
11,11,20.047741
8,8,20.063024
7,7,20.075516
4,4,20.08272
13,13,20.104096
1,1,20.107079
43,43,20.175882
6,6,20.18674
15,15,20.210536
1,1,20.213531
4,4,20.220873
3,3,20.226654
1,1,20.229401
9,9,20.246219
1,1,20.249031
3,3,20.255097
3,3,20.260834
15,15,20.286647
8,8,20.299745
3,3,20.306319
4,4,20.314763
7,7,20.328695
15,15,20.353017
5,5,20.362174
2,2,20.366459
14,14,20.389232
14,14,20.413532
2,2,20.417975
22,22,20.452034
4,4,20.459331
11,11,20.477025
1,1,20.479745
2,2,20.483991
18,18,21.657742
25,25,21.698333
13,13,21.720086
15,15,21.744283
9,9,21.759555
2,2,21.764203
21,21,21.806497
47,47,21.949884
58,58,22.110666
25,25,22.167964
4,4,22.181355
30,30,22.262573
2,2,22.27021
11,11,22.310433
6,6,22.3282
10,10,22.352732
3,3,22.365385
107,107,22.705519
23,23,22.746141
4,4,22.75465
30,30,22.802808
23,23,22.838966
21,21,22.876868
20,20,22.910745
2,2,22.914995
4,4,22.92309
2,2,22.92754
3,3,22.933328
109,109,23.123449
15,15,23.15085
26,26,23.196336
1,1,23.199245
5,5,23.208763
64,64,23.31959
26,26,23.372137
30,30,23.426143
72,72,23.54094
24,24,23.584689
22,22,23.624179
6,6,23.636224
20,20,23.678514
8,8,23.695018
4,4,23.704424
3,3,23.71164
115,115,23.91159
28,28,23.964101
26,26,24.009742
7,7,24.022285
2,2,24.027067
5,5,24.036709
2,2,24.041219
10,10,24.057657
4,4,24.064805
3,3,24.070628
2,2,24.074943
54,54,24.162814
16,16,24.192239
3,3,24.200248
9,9,24.228323
40,40,24.340495
16,16,24.401907
1,1,24.407913
11,11,24.439808
4,4,24.460073
18,18,24.522138
28,28,24.595527
15,15,24.633746
1,1,24.639016
43,43,24.732674
95,95,24.913126
4,4,24.922165
51,51,25.013617
15,15,25.049914
13,13,25.081707
22,22,25.126878
19,19,25.161094
38,38,25.229395
63,63,25.334726
11,11,25.35303
14,14,25.376417
7,7,25.388619
32,32,25.439607
8,8,25.452794
85,85,25.591201
8,8,25.606815
2,2,25.611534
51,51,25.707169
9,9,25.724741
13,13,25.748575
26,26,25.792383
5,5,25.801674
5,5,25.810899
2,2,25.815334
1,1,25.818126
5,5,25.826844
53,53,27.121921
50,50,27.203385
60,60,27.300559
21,21,27.333991
76,76,27.478862
16,16,27.511323
26,26,27.555646
49,49,27.632157
9,9,27.647166
126,126,27.839321
19,19,27.869417
36,36,27.928985
47,47,28.001725
85,85,28.133347
6,6,28.143887
8,8,28.156948
65,65,28.255692
19,19,28.286083
59,59,28.378815
87,87,28.519837
10,10,28.537528
31,31,28.590779
44,44,28.665089
11,11,28.684618
20,20,28.717055
1,1,28.720032
32,32,28.775573
16,16,28.801039
32,32,28.850717
120,120,29.041096
19,19,29.07126
90,90,29.207406
16,16,29.232482
23,23,29.267935
17,17,29.295736
56,56,29.388192
36,36,29.446541
33,33,29.511258
27,27,29.568418
37,37,29.631811
89,89,29.778415
13,13,29.800364
15,15,29.82707
18,18,29.862196
75,75,29.984201
107,107,30.150513
19,19,30.18121
1,1,30.183985
135,135,30.395483
30,30,31.676262
47,47,31.753193
12,12,31.773505
46,46,31.84834
26,26,31.889973
21,21,31.926115
92,92,32.070589
32,32,32.12184
26,26,32.163582
106,106,32.330743
19,19,32.361916
15,15,32.386439
34,34,32.459655
16,16,32.503237
56,56,32.607917
25,25,32.646929
15,15,32.671283
5,5,32.680172
11,11,32.697605
44,44,32.76726
24,24,32.804494
14,14,32.82673
13,13,32.847878
32,32,32.896781
121,121,33.082953
2,2,33.087273
16,16,33.11206
106,106,33.272759
172,172,33.529763
19,19,33.559073
12,12,33.578123
2,2,33.582508
29,29,33.626953
140,140,33.846189
9,9,33.860601
13,13,33.88823
71,71,33.995984
129,129,34.195589
33,33,34.246022
243,144,34.472083
270,171,34.738446
59,59,34.837012
34,34,34.890594
104,104,36.263242
81,81,36.421412
74,74,36.566418
86,86,36.725369
33,33,36.778184
-613,201,37.099812
108,108,37.276725
26,26,37.325958
69,69,37.447785
38,38,37.514339
77,77,37.648956
-650,164,37.937095
99,99,38.10128
139,139,38.326868
103,103,38.495679
54,54,38.579618
6,6,38.589822
3,3,38.595505
7,7,38.60709
110,110,38.77297
3,3,38.77874
67,67,38.881818
-687,127,39.086777
129,129,39.288706
39,39,39.353826
54,54,39.439963
58,58,39.527902
109,109,40.820353
73,73,40.937053
19,19,40.967459
162,162,41.232126
42,42,41.31046
-600,214,41.633449
22,22,41.667503
45,45,41.735297
101,101,41.890212
-620,194,42.208841
74,74,42.324013
9,9,42.338711
175,175,42.603989
45,45,42.67173
38,38,42.728915
6,6,42.739077
79,79,42.858146
96,96,43.000931
159,159,43.238445
37,37,43.29658
119,119,43.473845
15,15,43.49703
88,88,43.627851
271,271,45.157859
14,14,45.185558
146,146,45.410848
10,10,45.427243
130,130,45.620044
52,52,45.698704
162,162,45.947567
37,37,46.003788
163,163,46.248911
38,38,46.307335
-661,153,46.537351
37,37,46.592952
127,127,46.783449
49,49,46.857407
67,67,46.957804
29,29,47.002349
102,102,47.155084
181,181,47.430678
38,38,47.488121
27,27,47.529361
-637,177,47.792471
8,8,47.805657
15,15,47.829202
-661,153,49.165142
1,1,49.16803
148,148,49.393296
40,40,49.456115
82,82,49.589349
57,57,49.675708
137,137,49.881041
134,134,50.084399
1,1,50.087279
81,81,50.208302
117,117,50.38422
120,120,50.561633
3,3,50.567416
136,136,50.771955
20,20,50.802813
30,30,50.848247
33,33,50.898788
41,41,50.961105
27,27,51.001914
10,10,51.018085
54,54,51.099259
7,7,51.111001
31,31,51.167784
34,34,51.230958
1,1,51.234045
47,47,51.306065
19,19,51.335557
60,60,51.429416
8,8,51.44266
55,55,51.533829
28,28,51.580141
6,6,51.590221
39,39,51.649637
7,7,51.661494
22,22,51.695658
37,37,51.753295
39,39,51.815279
133,133,52.016362
26,26,52.055881
91,91,52.190228
36,36,52.244635
5,5,52.253911
149,149,54.041643
53,53,54.187543
11,11,54.216009
8,8,54.233664
180,180,54.666673
66,66,54.862647
32,32,54.913251
-601,213,55.350763
92,92,55.550696
31,31,55.613795
11,11,55.635254
163,163,56.06093
91,91,56.202841
26,26,56.242529
12,12,56.262022
121,121,56.46163
329,230,56.809461
34,34,56.863308
1,1,56.867873
144,144,57.085804
101,101,57.23732
-667,147,57.50055
80,80,57.624801
42,42,57.715185
77,77,59.421207
-675,139,59.653852
13,13,59.683768
32,32,59.756678
138,138,60.000502
29,29,60.058125
-631,183,60.49806
-647,167,60.752014
20,20,60.78482
88,88,60.932739
26,26,60.983229
111,111,61.176615
78,78,61.353585
232,133,61.617787
240,141,61.83175
3,3,61.837528
29,29,61.88537
141,141,62.131956
86,86,62.320044
20,20,62.364614
111,111,62.595629
115,115,62.838926
85,85,63.011797
17,17,63.041749
87,87,63.195747
101,101,64.616028
121,121,64.804518
103,103,64.970532
68,68,65.074435
187,187,65.368867
30,30,65.414811
47,47,65.485356
134,134,65.68683
-627,187,65.98603
61,61,66.078094
102,102,66.234316
127,127,66.428133
59,59,66.517212
93,93,66.659611
73,73,66.80806
24,24,66.848906
10,10,66.867642
-648,166,67.13943
288,189,67.542547
27,27,67.584596
16,16,67.610113
97,97,67.760941
70,70,69.104716
38,38,69.166114
97,97,69.365446
185,185,69.715868
109,109,69.927279
66,66,70.054542
7,7,70.078348
200,200,70.497959
31,31,70.559138
126,126,70.763247
14,14,70.793475
-612,202,71.183681
139,139,71.452189
50,50,71.586225
157,157,71.875855
1,1,71.878658
74,74,71.999151
46,46,72.110206
72,72,72.264793
97,97,72.474734
64,64,72.615846
73,73,72.745622
-647,167,73.064927
174,174,74.760566
50,50,74.845259
54,54,74.940135
20,20,74.976097
35,35,75.032402
160,160,75.301901
17,17,75.339183
27,27,75.394963
126,126,75.653127
126,126,75.891447
-655,159,76.14542
3,3,76.151523
14,14,76.174586
-621,193,76.480263
123,123,76.713766
54,54,76.796103
-607,207,77.111937
122,122,77.29892
36,36,77.355853
44,44,77.426527
133,133,77.644773
37,37,77.702428
224,224,79.166159
61,61,79.259851
111,111,79.432581
21,21,79.46611
6,6,79.476603
54,54,79.559581
144,144,79.779659
96,96,79.928409
389,290,80.367914
147,147,80.588857
16,16,80.615341
-574,240,80.982164
301,202,81.309859
36,36,81.365145
92,92,81.506646
113,113,81.677126
84,84,81.806202
-650,164,82.053643
-611,203,83.520461
40,40,83.60768
-598,216,84.056344
-630,184,84.402448
26,26,84.444686
221,221,84.810323
34,34,84.884295
37,37,84.992574
53,53,85.131159
119,119,85.340022
120,120,85.560533
78,78,85.684821
44,44,85.771256
116,116,85.995829
21,21,86.031888
-560,254,86.521981
4,4,86.531192
116,116,86.759395
82,82,86.92781
1,1,86.931528
109,109,87.223272
65,65,87.357155
48,48,88.710214
172,172,89.04374
90,90,89.181559
189,189,89.558384
-682,132,89.80458
48,48,89.908592
13,13,89.938913
79,79,90.09937
25,25,90.14838
6,6,90.162438
113,113,90.379849
26,26,90.428605
125,125,90.670948
129,129,90.909463
72,72,91.042568
23,23,91.083171
27,27,91.130986
-617,197,91.490065
20,20,91.52259
88,88,91.681715
248,149,91.938546
287,188,92.296771
114,114,93.866978
17,17,93.89355
78,78,94.013712
35,35,94.083949
41,41,94.165833
150,150,94.450941
8,8,94.472757
57,57,94.584902
-578,236,95.067727
133,133,95.435031
148,148,95.690061
91,91,95.870639
136,136,96.138896
152,152,96.386646
-641,173,96.652991
-659,155,96.891929
122,122,97.085009
-631,183,97.364921
138,138,98.672554
2,2,98.676793
37,37,98.733058
233,134,98.955205
98,98,99.10568
125,125,99.293865
-656,158,99.534588
267,168,99.787211
4,4,99.794598
20,20,99.825596
68,68,99.932928
358,259,100.338531
98,98,100.487686
84,84,100.616324
251,251,100.998164
116,116,101.172723
-687,127,101.389866
92,92,101.544815
67,67,101.653258
-618,196,103.091336
33,33,103.14449
115,115,103.316339
-631,183,103.596393
173,173,103.857936
-680,134,104.058382
68,68,104.163697
348,249,104.65364
90,90,104.846591
-652,162,105.108774
134,134,105.367383
-672,142,105.616787
-610,204,106.020434
119,119,106.247083
22,22,106.288287
-562,252,108.13759
1,1,108.144079
55,55,108.250434
182,182,108.523327
176,176,108.879123
53,53,108.986752
-548,266,109.519704
119,119,109.731949
19,19,109.770663
111,111,110.087627
117,117,110.318876
-630,184,110.708939
151,151,111.078958
2,2,111.083448
68,68,111.2073
121,121,111.448041
243,243,111.980215
95,95,113.315221
43,43,113.390825
81,81,113.513561
45,45,113.581174
280,181,113.937308
459,459,114.679992
140,140,114.908157
164,164,115.268682
56,56,115.384529
25,25,115.434135
-592,222,115.794497
-597,217,116.216356
-632,182,116.630031
273,174,116.95867
123,123,118.429742
35,35,118.488451
52,52,118.568594
21,21,118.601141
-491,323,119.086736
131,131,119.282917
374,275,119.697561
85,85,119.824312
66,66,119.923662
-622,192,120.208132
143,143,120.437956
-635,179,120.797551
15,15,120.826151
45,45,120.896688
234,234,121.274125
-641,173,122.751772
339,240,123.239835
26,26,123.291664
12,12,123.316556
28,28,123.369546
43,43,123.439296
53,53,123.525194
90,90,123.664386
61,61,123.756769
172,172,124.014905
54,54,124.096473
180,180,124.388649
63,63,124.4849
38,38,124.543796
-569,245,124.917377
51,51,124.99528
137,137,125.223545
-581,233,125.660454
42,42,125.729386
77,77,125.858986
159,159,126.107882
7,7,126.122667
-643,171,127.619363
18,18,127.666414
-583,231,128.235598
-600,214,128.601658
72,72,128.718821
213,213,129.045338
-662,152,129.280346
72,72,129.403619
318,219,129.896836
5,5,129.905865
46,46,129.981281
88,88,130.121529
-530,284,130.568786
44,44,130.636748
-589,225,130.995903
134,134,132.297942
310,310,132.781209
9,9,132.796196
410,311,133.271191
170,170,133.534015
-634,180,133.806207
-659,155,134.035164
-657,157,134.266417
-644,170,134.531493
214,214,134.867925
27,27,134.909329
242,242,136.433214
358,259,136.824248
16,16,136.849514
114,114,137.020892
18,18,137.049516
-494,320,137.532573
215,215,137.855099
286,286,138.284606
11,11,138.30241
-622,192,138.58775
166,166,138.840317
68,68,138.942289
44,44,139.009028
251,251,139.401158
222,222,140.836569
13,13,140.85707
115,115,141.040521
162,162,141.313641
-562,252,141.69206
52,52,141.770859
70,70,141.877006
92,92,142.015979
138,138,142.223727
181,181,142.519981
83,83,142.65169
16,16,142.677502
28,28,142.720877
48,48,142.799564
-629,185,143.082733
43,43,143.149427
128,128,143.343553
110,110,143.51379
28,28,143.56269
167,167,144.977576
51,51,145.082156
56,56,145.177915
121,121,145.370603
47,47,145.451212
16,16,145.479429
56,56,145.575177
29,29,145.625878
1,1,145.629071
87,87,145.764235
-613,201,146.077158
7,7,146.089058
190,190,146.386941
212,212,146.717088
109,109,146.888824
-612,202,147.205718
35,35,147.26072
-494,320,147.759888
121,121,147.952238
80,80,148.077942
126,126,149.483867
-643,171,149.741793
-530,284,150.216765
-458,356,150.82308
-511,303,151.308763
-618,196,151.630631
107,107,151.806968
42,42,151.87739
-622,192,152.19489
-534,280,152.634726
68,68,152.736117
-597,217,154.181247
115,115,154.358954
220,220,154.704839
20,20,154.735538
92,92,154.872973
12,12,154.89562
4,4,154.903081
82,82,155.030023
29,29,155.075545
196,196,155.386476
109,109,155.554552
-503,311,156.046395
121,121,156.229636
-634,180,156.4982
-571,243,156.863389
80,80,156.985061
235,136,158.386359
24,24,158.428912
-565,249,158.838145
-597,217,159.168515
-510,304,159.650727
22,22,159.684729
54,54,159.765868
273,174,160.024186
-656,158,160.257618
85,85,160.385178
9,9,160.399887
123,123,160.58478
-427,387,161.166085
-647,167,162.516564
83,83,162.67146
28,28,162.751101
-624,190,163.134592
-619,195,163.65899
51,51,163.746034
-576,238,164.22082
132,132,164.510635
53,53,164.602014
4,4,164.60919
-648,166,164.905251
56,56,164.993192
40,40,165.055874
157,157,165.3071
92,92,165.454894
-612,202,165.79696
125,125,165.981912
147,147,166.204524
-632,182,167.836209
42,42,167.912487
49,49,167.987595
138,138,168.241951
43,43,168.339463
11,11,168.362956
14,14,168.389169
30,30,168.435883
50,50,168.510805
97,97,168.687101
98,98,168.891989
350,350,169.534713
78,78,169.743213
145,145,170.054076
96,96,170.238593
-641,173,170.549038
77,77,170.732498
73,73,170.860155
58,58,170.975157
30,30,171.024079
-580,234,171.484962
6,6,171.496028
118,118,173.013403
-649,165,173.320472
197,197,173.632899
73,73,173.744037
143,143,173.961251
-568,246,174.392468
113,113,174.617369
52,52,174.729863
-590,224,175.142887
72,72,175.25324
77,77,175.436772
216,216,175.853614
122,122,176.149024
181,181,176.472294
66,66,176.589617
18,18,176.618282
61,61,178.073687
55,55,178.158849
200,200,178.493158
34,34,178.54749
63,63,178.647076
-666,148,178.87854
74,74,179.003002
17,17,179.033212
119,119,179.233025
-612,202,179.541845
241,241,179.903237
-676,138,180.107848
277,277,180.525544
90,90,180.677526
-527,287,181.120982
-628,186,182.520622
184,184,182.797271
201,201,183.099935
9,9,183.114696
47,47,183.185816
203,203,183.486936
29,29,183.53105
28,28,183.574277
11,11,183.591891
173,173,183.848949
-654,160,184.096723
255,255,184.55244
71,71,184.665105
13,13,184.689239
43,43,184.780162
35,35,184.84047
74,74,184.961111
163,163,185.243134
15,15,185.267754
69,69,185.379863
48,48,185.459527
11,11,185.478671
128,128,186.803716
-625,189,187.085742
-436,378,187.656868
79,79,187.776501
-652,162,188.017156
245,245,188.54119
-561,253,189.050338
160,160,189.292686
11,11,189.316441
78,78,189.439525
-625,189,189.722614
145,145,189.938602
-670,144,191.253526
113,113,191.421046
255,156,191.655441
107,107,191.817051
43,43,191.881673
47,47,191.952903
62,62,192.048321
31,31,192.096923
48,48,192.169504
80,80,192.291146
180,180,192.560177
42,42,192.626966
72,72,192.735323
65,65,192.834108
87,87,192.96462
12,12,192.983616
6,6,192.993712
7,7,193.005212
2,2,193.009481
41,41,193.071135
-687,127,193.258853
135,135,193.465698
5,5,193.474374
90,90,193.608668
179,179,193.87688
87,87,194.006405
153,153,194.234719
140,140,195.547225
-613,201,195.861138
223,223,196.201431
107,107,196.366064
144,144,196.594606
-621,193,196.888343
27,27,196.931589
375,276,197.386725
51,51,197.463203
-565,249,197.834423
151,151,198.059513
145,145,198.288635
54,54,198.369867
93,93,198.507908
10,10,198.52381
-590,224,199.999683
87,87,200.137277
60,60,200.2314
22,22,200.267111
59,59,200.359404
42,42,200.425719
24,24,200.463839
255,255,200.861853
9,9,200.876926
15,15,200.901313
110,110,201.075561
97,97,201.249992
-631,183,201.536888
49,49,201.613703
30,30,201.661931
28,28,201.706455
3,3,201.712381
15,15,201.736543
7,7,201.748848
12,12,201.769556
24,24,201.808324
5,5,201.817269
5,5,201.826173
6,6,201.836823
1,1,201.839604
39,39,201.900407
15,15,201.924576
41,41,201.988759
7,7,202.000424
24,24,202.037334
54,54,202.118338
26,26,202.157566
29,29,202.202541
46,46,202.27129
10,10,202.28749
1,1,202.290242
41,41,202.352681
32,32,202.402072
28,28,202.444614
6,6,202.454664
12,12,202.47335
2,2,202.477546
4,4,202.484736
28,28,202.528082
1,1,202.530836
11,11,202.548336
9,9,202.562666
8,8,202.57583
32,32,202.623896
6,6,202.633957
15,15,202.657308
31,31,202.704447
15,15,202.728187
4,4,202.735462
14,14,202.757997
6,6,202.768525
3,3,202.774611
10,10,202.791367
4,4,202.798852
2,2,202.804165
1,1,202.807325
13,13,202.830886
21,21,202.871789
26,26,202.935302
8,8,204.252908
5,5,204.262044
77,77,204.385035
61,61,204.500091
18,18,204.534386
22,22,204.573953
12,12,204.59857
36,36,204.664509
13,13,204.685616
53,53,204.765832
2,2,204.770069
27,27,204.814167
23,23,204.849663
26,26,204.889011
32,32,204.937949
48,48,205.01298
8,8,205.026783
14,14,205.049868
82,82,205.220965
3,3,205.227623
25,25,205.268487
67,67,205.379619
10,10,205.396226
6,6,205.406419
6,6,205.417047
5,5,205.425727
13,13,205.446298
42,42,205.51121
39,39,205.571752
23,23,205.607322
4,4,205.61452
61,61,205.708644
13,13,205.73013
43,43,205.796804
64,64,205.894634
13,13,205.916074
37,37,205.972878
99,99,206.128907
8,8,206.143209
8,8,206.156817
13,13,206.183721
66,66,206.286272
143,143,206.50353
6,6,206.514214
46,46,206.584493
13,13,206.605657
24,24,206.643388
11,11,206.661429
14,14,206.683908
-666,148,206.912049
80,80,207.041042
12,12,207.060116
22,22,207.095844
66,66,207.199182
-640,174,207.466181
151,151,208.808527
42,42,208.873672
65,65,208.972204
80,80,209.097862
93,93,209.243497
128,128,209.442079
311,212,209.760779
-622,192,210.052399
298,199,210.354827
-661,153,210.583143
28,28,210.627776
-606,208,210.941673
258,159,211.183071
-661,153,211.421901
-626,188,211.706757
120,120,213.021385
133,133,213.222324
279,180,213.499986
29,29,213.545429
-628,186,213.828374
-639,175,214.105242
175,175,214.369738
-664,150,214.59559
247,148,214.815723
-472,342,215.359198
236,236,215.719493
-620,194,216.016678
25,25,216.055071
97,97,217.312406
-612,202,217.621716
69,69,218.372991
139,139,218.744431
187,187,219.230961
286,187,219.736487
108,108,219.99256
96,96,220.216945
145,145,220.528557
65,65,220.670249
102,102,220.933382
160,160,221.349245
104,104,221.62906
18,18,221.671111
57,57,221.802248
40,40,221.897676
164,164,222.263825
140,140,223.763398
-667,147,224.00262
53,53,224.084564
90,90,224.223557
9,9,224.23817
15,15,224.262097
9,9,224.276999
95,95,224.419758
60,60,224.519545
159,159,224.786637
93,93,224.929892
77,77,225.063355
379,280,225.503226
296,197,225.801943
88,88,225.934556
91,91,226.0769
41,41,226.141942
69,69,226.246255
57,57,226.332678
141,141,226.545017
31,31,226.593184
198,198,226.891158
-657,157,228.244465
-584,230,228.591802
19,19,228.621402
45,45,228.689881
254,155,228.927361
-634,180,229.238847
120,120,229.455154
372,273,229.863954
76,76,229.983032
17,17,230.009502
175,175,230.280218
2,2,230.284503
85,85,230.416092
258,159,230.653236
75,75,230.766446
-627,187,231.068207
